{
    "counter": {
        "ACTIVE": 12515,
        "INACTIVE": 197,
        "INVALID": 0,
        "MALICIOUS": 0,
        "SANE": 0,
        "VALID": 0,
        "total": 12712
    },
    "percentage": {
        "ACTIVE": 98.45028319697923,
        "INACTIVE": 1.6316051018717905,
        "INVALID": 0,
        "MALICIOUS": 0,
        "SANE": 0,
        "VALID": 0,
        "total": 100.08188829885101
    }
}