{
    "counter": {
        "ACTIVE": 8803,
        "INACTIVE": 130,
        "INVALID": 0,
        "MALICIOUS": 0,
        "SANE": 0,
        "VALID": 0,
        "total": 8933
    },
    "percentage": {
        "ACTIVE": 98.54472181797829,
        "INACTIVE": 1.6123031129852412,
        "INVALID": 0,
        "MALICIOUS": 0,
        "SANE": 0,
        "VALID": 0,
        "total": 100.15702493096353
    }
}