{
    "counter": {
        "ACTIVE": 16113,
        "INACTIVE": 160,
        "INVALID": 0,
        "MALICIOUS": 0,
        "SANE": 0,
        "VALID": 0,
        "total": 16273
    },
    "percentage": {
        "ACTIVE": 99.01677625514657,
        "INACTIVE": 1.0118897040222616,
        "INVALID": 0,
        "MALICIOUS": 0,
        "SANE": 0,
        "VALID": 0,
        "total": 100.02866595916883
    }
}