{
    "counter": {
        "ACTIVE": 8202,
        "INACTIVE": 85,
        "INVALID": 0,
        "MALICIOUS": 0,
        "SANE": 0,
        "VALID": 0,
        "total": 8287
    },
    "percentage": {
        "ACTIVE": 98.97429709183058,
        "INACTIVE": 1.1064826868003124,
        "INVALID": 0,
        "MALICIOUS": 0,
        "SANE": 0,
        "VALID": 0,
        "total": 100.0807797786309
    }
}