{
    "counter": {
        "ACTIVE": 9390,
        "INACTIVE": 102,
        "INVALID": 0,
        "MALICIOUS": 0,
        "SANE": 0,
        "VALID": 0,
        "total": 9492
    },
    "percentage": {
        "ACTIVE": 98.92541087231352,
        "INACTIVE": 1.173627890921643,
        "INVALID": 0,
        "MALICIOUS": 0,
        "SANE": 0,
        "VALID": 0,
        "total": 100.09903876323516
    }
}