{
    "counter": {
        "ACTIVE": 12841,
        "INACTIVE": 191,
        "INVALID": 0,
        "MALICIOUS": 0,
        "SANE": 0,
        "VALID": 0,
        "total": 13032
    },
    "percentage": {
        "ACTIVE": 98.54193845445477,
        "INACTIVE": 1.4656230816451812,
        "INVALID": 0,
        "MALICIOUS": 0,
        "SANE": 0,
        "VALID": 0,
        "total": 100.00756153609994
    }
}