{
    "counter": {
        "ACTIVE": 12560,
        "INACTIVE": 180,
        "INVALID": 0,
        "MALICIOUS": 0,
        "SANE": 0,
        "VALID": 0,
        "total": 12740
    },
    "percentage": {
        "ACTIVE": 98.58712715855573,
        "INACTIVE": 1.4157621519584709,
        "INVALID": 0,
        "MALICIOUS": 0,
        "SANE": 0,
        "VALID": 0,
        "total": 100.0028893105142
    }
}