{
    "counter": {
        "ACTIVE": 5230,
        "INACTIVE": 119,
        "INVALID": 0,
        "MALICIOUS": 0,
        "SANE": 0,
        "VALID": 0,
        "total": 5349
    },
    "percentage": {
        "ACTIVE": 97.77528510001869,
        "INACTIVE": 2.3996773543053034,
        "INVALID": 0,
        "MALICIOUS": 0,
        "SANE": 0,
        "VALID": 0,
        "total": 100.17496245432399
    }
}