{
    "counter": {
        "ACTIVE": 11745,
        "INACTIVE": 181,
        "INVALID": 0,
        "MALICIOUS": 0,
        "SANE": 0,
        "VALID": 0,
        "total": 11926
    },
    "percentage": {
        "ACTIVE": 98.48230756330706,
        "INACTIVE": 1.5361113468556395,
        "INVALID": 0,
        "MALICIOUS": 0,
        "SANE": 0,
        "VALID": 0,
        "total": 100.0184189101627
    }
}