{
    "counter": {
        "ACTIVE": 13784,
        "INACTIVE": 151,
        "INVALID": 0,
        "MALICIOUS": 0,
        "SANE": 0,
        "VALID": 0,
        "total": 13935
    },
    "percentage": {
        "ACTIVE": 98.91639756010046,
        "INACTIVE": 1.0872695852534562,
        "INVALID": 0,
        "MALICIOUS": 0,
        "SANE": 0,
        "VALID": 0,
        "total": 100.00366714535392
    }
}