{
    "counter": {
        "ACTIVE": 792,
        "INACTIVE": 101,
        "INVALID": 0,
        "MALICIOUS": 0,
        "SANE": 0,
        "VALID": 0,
        "total": 893
    },
    "percentage": {
        "ACTIVE": 88.68980963045912,
        "INACTIVE": 22.850678733031675,
        "INVALID": 0,
        "MALICIOUS": 0,
        "SANE": 0,
        "VALID": 0,
        "total": 111.5404883634908
    }
}