{
    "counter": {
        "ACTIVE": 15951,
        "INACTIVE": 198,
        "INVALID": 0,
        "MALICIOUS": 0,
        "SANE": 0,
        "VALID": 0,
        "total": 16149
    },
    "percentage": {
        "ACTIVE": 98.77391788965261,
        "INACTIVE": 1.2315730546743795,
        "INVALID": 0,
        "MALICIOUS": 0,
        "SANE": 0,
        "VALID": 0,
        "total": 100.005490944327
    }
}