{
    "counter": {
        "ACTIVE": 12338,
        "INACTIVE": 193,
        "INVALID": 0,
        "MALICIOUS": 0,
        "SANE": 0,
        "VALID": 0,
        "total": 12531
    },
    "percentage": {
        "ACTIVE": 98.45981964727476,
        "INACTIVE": 1.5663041714007466,
        "INVALID": 0,
        "MALICIOUS": 0,
        "SANE": 0,
        "VALID": 0,
        "total": 100.0261238186755
    }
}