{
    "counter": {
        "ACTIVE": 14756,
        "INACTIVE": 215,
        "INVALID": 0,
        "MALICIOUS": 0,
        "SANE": 0,
        "VALID": 0,
        "total": 14971
    },
    "percentage": {
        "ACTIVE": 98.56389018769622,
        "INACTIVE": 1.4885073386873442,
        "INVALID": 0,
        "MALICIOUS": 0,
        "SANE": 0,
        "VALID": 0,
        "total": 100.05239752638356
    }
}