{
    "counter": {
        "ACTIVE": 7402,
        "INACTIVE": 129,
        "INVALID": 0,
        "MALICIOUS": 0,
        "SANE": 0,
        "VALID": 0,
        "total": 7531
    },
    "percentage": {
        "ACTIVE": 98.28708006904793,
        "INACTIVE": 1.8125614725305605,
        "INVALID": 0,
        "MALICIOUS": 0,
        "SANE": 0,
        "VALID": 0,
        "total": 100.09964154157849
    }
}