{
    "counter": {
        "ACTIVE": 2584,
        "INACTIVE": 120,
        "INVALID": 0,
        "MALICIOUS": 0,
        "SANE": 0,
        "VALID": 0,
        "total": 2704
    },
    "percentage": {
        "ACTIVE": 95.56213017751479,
        "INACTIVE": 4.480955937266617,
        "INVALID": 0,
        "MALICIOUS": 0,
        "SANE": 0,
        "VALID": 0,
        "total": 100.0430861147814
    }
}