{
    "counter": {
        "ACTIVE": 15408,
        "INACTIVE": 127,
        "INVALID": 0,
        "MALICIOUS": 0,
        "SANE": 0,
        "VALID": 0,
        "total": 15535
    },
    "percentage": {
        "ACTIVE": 99.18249114901835,
        "INACTIVE": 0.8195663397005679,
        "INVALID": 0,
        "MALICIOUS": 0,
        "SANE": 0,
        "VALID": 0,
        "total": 100.00205748871892
    }
}