{
    "counter": {
        "ACTIVE": 16088,
        "INACTIVE": 151,
        "INVALID": 0,
        "MALICIOUS": 0,
        "SANE": 0,
        "VALID": 0,
        "total": 16239
    },
    "percentage": {
        "ACTIVE": 99.0701397869327,
        "INACTIVE": 0.9613548099573439,
        "INVALID": 0,
        "MALICIOUS": 0,
        "SANE": 0,
        "VALID": 0,
        "total": 100.03149459689004
    }
}