{
    "counter": {
        "ACTIVE": 2692,
        "INACTIVE": 103,
        "INVALID": 0,
        "MALICIOUS": 0,
        "SANE": 0,
        "VALID": 0,
        "total": 2795
    },
    "percentage": {
        "ACTIVE": 96.31484794275492,
        "INACTIVE": 3.725135623869801,
        "INVALID": 0,
        "MALICIOUS": 0,
        "SANE": 0,
        "VALID": 0,
        "total": 100.03998356662473
    }
}