{
    "counter": {
        "ACTIVE": 16234,
        "INACTIVE": 143,
        "INVALID": 0,
        "MALICIOUS": 0,
        "SANE": 0,
        "VALID": 0,
        "total": 16377
    },
    "percentage": {
        "ACTIVE": 99.12682420467729,
        "INACTIVE": 0.9032910113069295,
        "INVALID": 0,
        "MALICIOUS": 0,
        "SANE": 0,
        "VALID": 0,
        "total": 100.03011521598422
    }
}