{
    "counter": {
        "ACTIVE": 10895,
        "INACTIVE": 152,
        "INVALID": 0,
        "MALICIOUS": 0,
        "SANE": 0,
        "VALID": 0,
        "total": 11047
    },
    "percentage": {
        "ACTIVE": 98.62406083099484,
        "INACTIVE": 1.3892697194040764,
        "INVALID": 0,
        "MALICIOUS": 0,
        "SANE": 0,
        "VALID": 0,
        "total": 100.0133305503989
    }
}