{
    "counter": {
        "ACTIVE": 8280,
        "INACTIVE": 103,
        "INVALID": 0,
        "MALICIOUS": 0,
        "SANE": 0,
        "VALID": 0,
        "total": 8383
    },
    "percentage": {
        "ACTIVE": 98.77132291542408,
        "INACTIVE": 1.4661921708185053,
        "INVALID": 0,
        "MALICIOUS": 0,
        "SANE": 0,
        "VALID": 0,
        "total": 100.23751508624258
    }
}