{
    "counter": {
        "ACTIVE": 14034,
        "INACTIVE": 186,
        "INVALID": 0,
        "MALICIOUS": 0,
        "SANE": 0,
        "VALID": 0,
        "total": 14220
    },
    "percentage": {
        "ACTIVE": 98.69198312236287,
        "INACTIVE": 1.3722886232846392,
        "INVALID": 0,
        "MALICIOUS": 0,
        "SANE": 0,
        "VALID": 0,
        "total": 100.06427174564752
    }
}