{
    "counter": {
        "ACTIVE": 15084,
        "INACTIVE": 216,
        "INVALID": 0,
        "MALICIOUS": 0,
        "SANE": 0,
        "VALID": 0,
        "total": 15300
    },
    "percentage": {
        "ACTIVE": 98.58823529411765,
        "INACTIVE": 1.4852506360448325,
        "INVALID": 0,
        "MALICIOUS": 0,
        "SANE": 0,
        "VALID": 0,
        "total": 100.07348593016249
    }
}