{
    "counter": {
        "ACTIVE": 15291,
        "INACTIVE": 209,
        "INVALID": 0,
        "MALICIOUS": 0,
        "SANE": 0,
        "VALID": 0,
        "total": 15500
    },
    "percentage": {
        "ACTIVE": 98.65161290322581,
        "INACTIVE": 1.4053254437869822,
        "INVALID": 0,
        "MALICIOUS": 0,
        "SANE": 0,
        "VALID": 0,
        "total": 100.05693834701279
    }
}