{
    "counter": {
        "ACTIVE": 534,
        "INACTIVE": 86,
        "INVALID": 0,
        "MALICIOUS": 0,
        "SANE": 0,
        "VALID": 0,
        "total": 620
    },
    "percentage": {
        "ACTIVE": 86.12903225806451,
        "INACTIVE": 19.861431870669747,
        "INVALID": 0,
        "MALICIOUS": 0,
        "SANE": 0,
        "VALID": 0,
        "total": 105.99046412873426
    }
}