{
    "counter": {
        "ACTIVE": 7776,
        "INACTIVE": 95,
        "INVALID": 0,
        "MALICIOUS": 0,
        "SANE": 0,
        "VALID": 0,
        "total": 7871
    },
    "percentage": {
        "ACTIVE": 98.79303773345191,
        "INACTIVE": 1.2698837053869803,
        "INVALID": 0,
        "MALICIOUS": 0,
        "SANE": 0,
        "VALID": 0,
        "total": 100.06292143883888
    }
}