{
    "counter": {
        "ACTIVE": 7929,
        "INACTIVE": 105,
        "INVALID": 0,
        "MALICIOUS": 0,
        "SANE": 0,
        "VALID": 0,
        "total": 8034
    },
    "percentage": {
        "ACTIVE": 98.69305451829723,
        "INACTIVE": 1.3609850939727803,
        "INVALID": 0,
        "MALICIOUS": 0,
        "SANE": 0,
        "VALID": 0,
        "total": 100.05403961227002
    }
}