{
    "counter": {
        "ACTIVE": 8822,
        "INACTIVE": 126,
        "INVALID": 0,
        "MALICIOUS": 0,
        "SANE": 0,
        "VALID": 0,
        "total": 8948
    },
    "percentage": {
        "ACTIVE": 98.59186410371032,
        "INACTIVE": 1.4973262032085561,
        "INVALID": 0,
        "MALICIOUS": 0,
        "SANE": 0,
        "VALID": 0,
        "total": 100.08919030691888
    }
}