{
    "counter": {
        "ACTIVE": 3930,
        "INACTIVE": 136,
        "INVALID": 0,
        "MALICIOUS": 0,
        "SANE": 0,
        "VALID": 0,
        "total": 4066
    },
    "percentage": {
        "ACTIVE": 96.65518937530743,
        "INACTIVE": 3.348928835262251,
        "INVALID": 0,
        "MALICIOUS": 0,
        "SANE": 0,
        "VALID": 0,
        "total": 100.00411821056969
    }
}