{
    "counter": {
        "ACTIVE": 4873,
        "INACTIVE": 86,
        "INVALID": 0,
        "MALICIOUS": 0,
        "SANE": 0,
        "VALID": 0,
        "total": 4959
    },
    "percentage": {
        "ACTIVE": 98.26577939100625,
        "INACTIVE": 1.8120522545301307,
        "INVALID": 0,
        "MALICIOUS": 0,
        "SANE": 0,
        "VALID": 0,
        "total": 100.07783164553638
    }
}