{
    "counter": {
        "ACTIVE": 15869,
        "INACTIVE": 196,
        "INVALID": 0,
        "MALICIOUS": 0,
        "SANE": 0,
        "VALID": 0,
        "total": 16065
    },
    "percentage": {
        "ACTIVE": 98.77995642701525,
        "INACTIVE": 1.2915129151291513,
        "INVALID": 0,
        "MALICIOUS": 0,
        "SANE": 0,
        "VALID": 0,
        "total": 100.0714693421444
    }
}