{
    "counter": {
        "ACTIVE": 16338,
        "INACTIVE": 193,
        "INVALID": 0,
        "MALICIOUS": 0,
        "SANE": 0,
        "VALID": 0,
        "total": 16531
    },
    "percentage": {
        "ACTIVE": 98.83249652168652,
        "INACTIVE": 1.1743230909644051,
        "INVALID": 0,
        "MALICIOUS": 0,
        "SANE": 0,
        "VALID": 0,
        "total": 100.00681961265093
    }
}