{
    "counter": {
        "ACTIVE": 722,
        "INACTIVE": 89,
        "INVALID": 0,
        "MALICIOUS": 0,
        "SANE": 0,
        "VALID": 0,
        "total": 811
    },
    "percentage": {
        "ACTIVE": 89.02589395807645,
        "INACTIVE": 21.19047619047619,
        "INVALID": 0,
        "MALICIOUS": 0,
        "SANE": 0,
        "VALID": 0,
        "total": 110.21637014855264
    }
}