{
    "counter": {
        "ACTIVE": 3928,
        "INACTIVE": 136,
        "INVALID": 0,
        "MALICIOUS": 0,
        "SANE": 0,
        "VALID": 0,
        "total": 4064
    },
    "percentage": {
        "ACTIVE": 96.65354330708661,
        "INACTIVE": 3.6441586280814575,
        "INVALID": 0,
        "MALICIOUS": 0,
        "SANE": 0,
        "VALID": 0,
        "total": 100.29770193516806
    }
}