{
    "counter": {
        "ACTIVE": 15671,
        "INACTIVE": 192,
        "INVALID": 0,
        "MALICIOUS": 0,
        "SANE": 0,
        "VALID": 0,
        "total": 15863
    },
    "percentage": {
        "ACTIVE": 98.78963626048036,
        "INACTIVE": 1.2170385395537526,
        "INVALID": 0,
        "MALICIOUS": 0,
        "SANE": 0,
        "VALID": 0,
        "total": 100.00667480003412
    }
}