{
    "counter": {
        "ACTIVE": 3386,
        "INACTIVE": 100,
        "INVALID": 0,
        "MALICIOUS": 0,
        "SANE": 0,
        "VALID": 0,
        "total": 3486
    },
    "percentage": {
        "ACTIVE": 97.13138267355134,
        "INACTIVE": 3.4518467380048325,
        "INVALID": 0,
        "MALICIOUS": 0,
        "SANE": 0,
        "VALID": 0,
        "total": 100.58322941155618
    }
}