{
    "counter": {
        "ACTIVE": 14383,
        "INACTIVE": 198,
        "INVALID": 0,
        "MALICIOUS": 0,
        "SANE": 0,
        "VALID": 0,
        "total": 14581
    },
    "percentage": {
        "ACTIVE": 98.64206844523696,
        "INACTIVE": 1.3794064372300403,
        "INVALID": 0,
        "MALICIOUS": 0,
        "SANE": 0,
        "VALID": 0,
        "total": 100.021474882467
    }
}