{
    "counter": {
        "ACTIVE": 16277,
        "INACTIVE": 189,
        "INVALID": 0,
        "MALICIOUS": 0,
        "SANE": 0,
        "VALID": 0,
        "total": 16466
    },
    "percentage": {
        "ACTIVE": 98.85218025021256,
        "INACTIVE": 1.2021371326803205,
        "INVALID": 0,
        "MALICIOUS": 0,
        "SANE": 0,
        "VALID": 0,
        "total": 100.05431738289288
    }
}