{
    "counter": {
        "ACTIVE": 8761,
        "INACTIVE": 394,
        "INVALID": 0,
        "MALICIOUS": 0,
        "SANE": 0,
        "VALID": 0,
        "total": 9155
    },
    "percentage": {
        "ACTIVE": 95.69634079737848,
        "INACTIVE": 4.3201754385964914,
        "INVALID": 0,
        "MALICIOUS": 0,
        "SANE": 0,
        "VALID": 0,
        "total": 100.01651623597498
    }
}