{
    "counter": {
        "ACTIVE": 567,
        "INACTIVE": 91,
        "INVALID": 0,
        "MALICIOUS": 0,
        "SANE": 0,
        "VALID": 0,
        "total": 658
    },
    "percentage": {
        "ACTIVE": 86.17021276595744,
        "INACTIVE": 18.42105263157895,
        "INVALID": 0,
        "MALICIOUS": 0,
        "SANE": 0,
        "VALID": 0,
        "total": 104.59126539753639
    }
}