{
    "counter": {
        "ACTIVE": 1017,
        "INACTIVE": 82,
        "INVALID": 0,
        "MALICIOUS": 0,
        "SANE": 0,
        "VALID": 0,
        "total": 1099
    },
    "percentage": {
        "ACTIVE": 92.53867151956324,
        "INACTIVE": 10.947930574098798,
        "INVALID": 0,
        "MALICIOUS": 0,
        "SANE": 0,
        "VALID": 0,
        "total": 103.48660209366204
    }
}