{
    "counter": {
        "ACTIVE": 7734,
        "INACTIVE": 117,
        "INVALID": 0,
        "MALICIOUS": 0,
        "SANE": 0,
        "VALID": 0,
        "total": 7851
    },
    "percentage": {
        "ACTIVE": 98.50974398165839,
        "INACTIVE": 1.4915859255481898,
        "INVALID": 0,
        "MALICIOUS": 0,
        "SANE": 0,
        "VALID": 0,
        "total": 100.00132990720658
    }
}