{
    "counter": {
        "ACTIVE": 7488,
        "INACTIVE": 120,
        "INVALID": 0,
        "MALICIOUS": 0,
        "SANE": 0,
        "VALID": 0,
        "total": 7608
    },
    "percentage": {
        "ACTIVE": 98.42271293375394,
        "INACTIVE": 1.6023501134997997,
        "INVALID": 0,
        "MALICIOUS": 0,
        "SANE": 0,
        "VALID": 0,
        "total": 100.02506304725374
    }
}