{
    "counter": {
        "ACTIVE": 9127,
        "INACTIVE": 152,
        "INVALID": 0,
        "MALICIOUS": 0,
        "SANE": 0,
        "VALID": 0,
        "total": 9279
    },
    "percentage": {
        "ACTIVE": 98.36189244530661,
        "INACTIVE": 1.8234165067178503,
        "INVALID": 0,
        "MALICIOUS": 0,
        "SANE": 0,
        "VALID": 0,
        "total": 100.18530895202446
    }
}