{
    "counter": {
        "ACTIVE": 13886,
        "INACTIVE": 204,
        "INVALID": 0,
        "MALICIOUS": 0,
        "SANE": 0,
        "VALID": 0,
        "total": 14090
    },
    "percentage": {
        "ACTIVE": 98.55216465578424,
        "INACTIVE": 1.49768739446443,
        "INVALID": 0,
        "MALICIOUS": 0,
        "SANE": 0,
        "VALID": 0,
        "total": 100.04985205024867
    }
}