{
    "counter": {
        "ACTIVE": 8255,
        "INACTIVE": 135,
        "INVALID": 0,
        "MALICIOUS": 0,
        "SANE": 0,
        "VALID": 0,
        "total": 8390
    },
    "percentage": {
        "ACTIVE": 98.39094159713945,
        "INACTIVE": 1.6276826621654208,
        "INVALID": 0,
        "MALICIOUS": 0,
        "SANE": 0,
        "VALID": 0,
        "total": 100.01862425930487
    }
}