{
    "counter": {
        "ACTIVE": 16253,
        "INACTIVE": 191,
        "INVALID": 0,
        "MALICIOUS": 0,
        "SANE": 0,
        "VALID": 0,
        "total": 16444
    },
    "percentage": {
        "ACTIVE": 98.83848212113841,
        "INACTIVE": 1.197041865129105,
        "INVALID": 0,
        "MALICIOUS": 0,
        "SANE": 0,
        "VALID": 0,
        "total": 100.03552398626752
    }
}