{
    "counter": {
        "ACTIVE": 9197,
        "INACTIVE": 126,
        "INVALID": 0,
        "MALICIOUS": 0,
        "SANE": 0,
        "VALID": 0,
        "total": 9323
    },
    "percentage": {
        "ACTIVE": 98.64850370052558,
        "INACTIVE": 1.3972055888223553,
        "INVALID": 0,
        "MALICIOUS": 0,
        "SANE": 0,
        "VALID": 0,
        "total": 100.04570928934794
    }
}