{
    "counter": {
        "ACTIVE": 1176,
        "INACTIVE": 93,
        "INVALID": 0,
        "MALICIOUS": 0,
        "SANE": 0,
        "VALID": 0,
        "total": 1269
    },
    "percentage": {
        "ACTIVE": 92.67139479905437,
        "INACTIVE": 7.698675496688741,
        "INVALID": 0,
        "MALICIOUS": 0,
        "SANE": 0,
        "VALID": 0,
        "total": 100.3700702957431
    }
}