{
    "counter": {
        "ACTIVE": 3862,
        "INACTIVE": 106,
        "INVALID": 0,
        "MALICIOUS": 0,
        "SANE": 0,
        "VALID": 0,
        "total": 3968
    },
    "percentage": {
        "ACTIVE": 97.32862903225806,
        "INACTIVE": 2.8765264586160106,
        "INVALID": 0,
        "MALICIOUS": 0,
        "SANE": 0,
        "VALID": 0,
        "total": 100.20515549087408
    }
}