{
    "counter": {
        "ACTIVE": 8142,
        "INACTIVE": 130,
        "INVALID": 0,
        "MALICIOUS": 0,
        "SANE": 0,
        "VALID": 0,
        "total": 8272
    },
    "percentage": {
        "ACTIVE": 98.4284332688588,
        "INACTIVE": 1.5727074764093878,
        "INVALID": 0,
        "MALICIOUS": 0,
        "SANE": 0,
        "VALID": 0,
        "total": 100.00114074526819
    }
}