{
    "counter": {
        "ACTIVE": 7396,
        "INACTIVE": 150,
        "INVALID": 0,
        "MALICIOUS": 0,
        "SANE": 0,
        "VALID": 0,
        "total": 7546
    },
    "percentage": {
        "ACTIVE": 98.12922913626112,
        "INACTIVE": 1.98780811025709,
        "INVALID": 0,
        "MALICIOUS": 0,
        "SANE": 0,
        "VALID": 0,
        "total": 100.11703724651821
    }
}