{
    "counter": {
        "ACTIVE": 15691,
        "INACTIVE": 186,
        "INVALID": 0,
        "MALICIOUS": 0,
        "SANE": 0,
        "VALID": 0,
        "total": 15877
    },
    "percentage": {
        "ACTIVE": 98.82849404799396,
        "INACTIVE": 1.198685312882645,
        "INVALID": 0,
        "MALICIOUS": 0,
        "SANE": 0,
        "VALID": 0,
        "total": 100.0271793608766
    }
}