{
    "counter": {
        "ACTIVE": 5076,
        "INACTIVE": 100,
        "INVALID": 0,
        "MALICIOUS": 0,
        "SANE": 0,
        "VALID": 0,
        "total": 5176
    },
    "percentage": {
        "ACTIVE": 98.06800618238022,
        "INACTIVE": 1.932367149758454,
        "INVALID": 0,
        "MALICIOUS": 0,
        "SANE": 0,
        "VALID": 0,
        "total": 100.00037333213866
    }
}