{
    "counter": {
        "ACTIVE": 3530,
        "INACTIVE": 325,
        "INVALID": 0,
        "MALICIOUS": 0,
        "SANE": 0,
        "VALID": 0,
        "total": 3855
    },
    "percentage": {
        "ACTIVE": 91.56939040207523,
        "INACTIVE": 8.474576271186441,
        "INVALID": 0,
        "MALICIOUS": 0,
        "SANE": 0,
        "VALID": 0,
        "total": 100.04396667326166
    }
}