{
    "counter": {
        "ACTIVE": 2429,
        "INACTIVE": 105,
        "INVALID": 0,
        "MALICIOUS": 0,
        "SANE": 0,
        "VALID": 0,
        "total": 2534
    },
    "percentage": {
        "ACTIVE": 95.85635359116021,
        "INACTIVE": 4.213483146067416,
        "INVALID": 0,
        "MALICIOUS": 0,
        "SANE": 0,
        "VALID": 0,
        "total": 100.06983673722763
    }
}