{
    "counter": {
        "ACTIVE": 16440,
        "INACTIVE": 161,
        "INVALID": 0,
        "MALICIOUS": 0,
        "SANE": 0,
        "VALID": 0,
        "total": 16601
    },
    "percentage": {
        "ACTIVE": 99.03017890488525,
        "INACTIVE": 1.0167350805178401,
        "INVALID": 0,
        "MALICIOUS": 0,
        "SANE": 0,
        "VALID": 0,
        "total": 100.04691398540308
    }
}