{
    "counter": {
        "ACTIVE": 3939,
        "INACTIVE": 85,
        "INVALID": 0,
        "MALICIOUS": 0,
        "SANE": 0,
        "VALID": 0,
        "total": 4024
    },
    "percentage": {
        "ACTIVE": 97.88767395626243,
        "INACTIVE": 2.1389028686462,
        "INVALID": 0,
        "MALICIOUS": 0,
        "SANE": 0,
        "VALID": 0,
        "total": 100.02657682490863
    }
}