{
    "counter": {
        "ACTIVE": 9830,
        "INACTIVE": 149,
        "INVALID": 0,
        "MALICIOUS": 0,
        "SANE": 0,
        "VALID": 0,
        "total": 9979
    },
    "percentage": {
        "ACTIVE": 98.50686441527208,
        "INACTIVE": 1.5296170824350683,
        "INVALID": 0,
        "MALICIOUS": 0,
        "SANE": 0,
        "VALID": 0,
        "total": 100.03648149770714
    }
}