{
    "counter": {
        "ACTIVE": 16384,
        "INACTIVE": 193,
        "INVALID": 0,
        "MALICIOUS": 0,
        "SANE": 0,
        "VALID": 0,
        "total": 16577
    },
    "percentage": {
        "ACTIVE": 98.83573626108463,
        "INACTIVE": 1.173180961643669,
        "INVALID": 0,
        "MALICIOUS": 0,
        "SANE": 0,
        "VALID": 0,
        "total": 100.0089172227283
    }
}