{
    "counter": {
        "ACTIVE": 16214,
        "INACTIVE": 193,
        "INVALID": 0,
        "MALICIOUS": 0,
        "SANE": 0,
        "VALID": 0,
        "total": 16407
    },
    "percentage": {
        "ACTIVE": 98.82367282257573,
        "INACTIVE": 1.2162077005482388,
        "INVALID": 0,
        "MALICIOUS": 0,
        "SANE": 0,
        "VALID": 0,
        "total": 100.03988052312397
    }
}