{
    "counter": {
        "ACTIVE": 16431,
        "INACTIVE": 210,
        "INVALID": 0,
        "MALICIOUS": 0,
        "SANE": 0,
        "VALID": 0,
        "total": 16641
    },
    "percentage": {
        "ACTIVE": 98.73805660717505,
        "INACTIVE": 1.386138613861386,
        "INVALID": 0,
        "MALICIOUS": 0,
        "SANE": 0,
        "VALID": 0,
        "total": 100.12419522103644
    }
}