{
    "counter": {
        "ACTIVE": 4145,
        "INACTIVE": 113,
        "INVALID": 0,
        "MALICIOUS": 0,
        "SANE": 0,
        "VALID": 0,
        "total": 4258
    },
    "percentage": {
        "ACTIVE": 97.34617191169563,
        "INACTIVE": 2.8264132066033016,
        "INVALID": 0,
        "MALICIOUS": 0,
        "SANE": 0,
        "VALID": 0,
        "total": 100.17258511829894
    }
}