{
    "counter": {
        "ACTIVE": 16310,
        "INACTIVE": 151,
        "INVALID": 0,
        "MALICIOUS": 0,
        "SANE": 0,
        "VALID": 0,
        "total": 16461
    },
    "percentage": {
        "ACTIVE": 99.08268027458843,
        "INACTIVE": 0.9613548099573439,
        "INVALID": 0,
        "MALICIOUS": 0,
        "SANE": 0,
        "VALID": 0,
        "total": 100.04403508454577
    }
}