{
    "counter": {
        "ACTIVE": 6687,
        "INACTIVE": 97,
        "INVALID": 0,
        "MALICIOUS": 0,
        "SANE": 0,
        "VALID": 0,
        "total": 6784
    },
    "percentage": {
        "ACTIVE": 98.57016509433963,
        "INACTIVE": 1.8646674356016917,
        "INVALID": 0,
        "MALICIOUS": 0,
        "SANE": 0,
        "VALID": 0,
        "total": 100.43483252994132
    }
}