{
    "counter": {
        "ACTIVE": 14230,
        "INACTIVE": 197,
        "INVALID": 0,
        "MALICIOUS": 0,
        "SANE": 0,
        "VALID": 0,
        "total": 14427
    },
    "percentage": {
        "ACTIVE": 98.63450474804186,
        "INACTIVE": 1.371675254142877,
        "INVALID": 0,
        "MALICIOUS": 0,
        "SANE": 0,
        "VALID": 0,
        "total": 100.00618000218473
    }
}