{
    "counter": {
        "ACTIVE": 14038,
        "INACTIVE": 153,
        "INVALID": 0,
        "MALICIOUS": 0,
        "SANE": 0,
        "VALID": 0,
        "total": 14191
    },
    "percentage": {
        "ACTIVE": 98.92185187795081,
        "INACTIVE": 1.163232722572797,
        "INVALID": 0,
        "MALICIOUS": 0,
        "SANE": 0,
        "VALID": 0,
        "total": 100.08508460052361
    }
}