{
    "counter": {
        "ACTIVE": 7797,
        "INACTIVE": 142,
        "INVALID": 0,
        "MALICIOUS": 0,
        "SANE": 0,
        "VALID": 0,
        "total": 7939
    },
    "percentage": {
        "ACTIVE": 98.2113616324474,
        "INACTIVE": 1.9014461703267274,
        "INVALID": 0,
        "MALICIOUS": 0,
        "SANE": 0,
        "VALID": 0,
        "total": 100.11280780277413
    }
}