{
    "counter": {
        "ACTIVE": 403,
        "INACTIVE": 74,
        "INVALID": 0,
        "MALICIOUS": 0,
        "SANE": 0,
        "VALID": 0,
        "total": 477
    },
    "percentage": {
        "ACTIVE": 84.48637316561845,
        "INACTIVE": 17.8743961352657,
        "INVALID": 0,
        "MALICIOUS": 0,
        "SANE": 0,
        "VALID": 0,
        "total": 102.36076930088414
    }
}