{
    "counter": {
        "ACTIVE": 16429,
        "INACTIVE": 208,
        "INVALID": 0,
        "MALICIOUS": 0,
        "SANE": 0,
        "VALID": 0,
        "total": 16637
    },
    "percentage": {
        "ACTIVE": 98.74977459878583,
        "INACTIVE": 1.2664393570384802,
        "INVALID": 0,
        "MALICIOUS": 0,
        "SANE": 0,
        "VALID": 0,
        "total": 100.01621395582431
    }
}