{
    "counter": {
        "ACTIVE": 12151,
        "INACTIVE": 142,
        "INVALID": 0,
        "MALICIOUS": 0,
        "SANE": 0,
        "VALID": 0,
        "total": 12293
    },
    "percentage": {
        "ACTIVE": 98.84487106483364,
        "INACTIVE": 1.1594676247244222,
        "INVALID": 0,
        "MALICIOUS": 0,
        "SANE": 0,
        "VALID": 0,
        "total": 100.00433868955807
    }
}