{
    "counter": {
        "ACTIVE": 14814,
        "INACTIVE": 215,
        "INVALID": 0,
        "MALICIOUS": 0,
        "SANE": 0,
        "VALID": 0,
        "total": 15029
    },
    "percentage": {
        "ACTIVE": 98.56943243063411,
        "INACTIVE": 1.47705413575158,
        "INVALID": 0,
        "MALICIOUS": 0,
        "SANE": 0,
        "VALID": 0,
        "total": 100.0464865663857
    }
}