{
    "counter": {
        "ACTIVE": 5215,
        "INACTIVE": 105,
        "INVALID": 0,
        "MALICIOUS": 0,
        "SANE": 0,
        "VALID": 0,
        "total": 5320
    },
    "percentage": {
        "ACTIVE": 98.02631578947368,
        "INACTIVE": 2.0227316509343094,
        "INVALID": 0,
        "MALICIOUS": 0,
        "SANE": 0,
        "VALID": 0,
        "total": 100.04904744040799
    }
}