{
    "counter": {
        "ACTIVE": 5666,
        "INACTIVE": 121,
        "INVALID": 0,
        "MALICIOUS": 0,
        "SANE": 0,
        "VALID": 0,
        "total": 5787
    },
    "percentage": {
        "ACTIVE": 97.90910661828235,
        "INACTIVE": 2.3318558489111583,
        "INVALID": 0,
        "MALICIOUS": 0,
        "SANE": 0,
        "VALID": 0,
        "total": 100.24096246719351
    }
}