{
    "counter": {
        "ACTIVE": 16428,
        "INACTIVE": 125,
        "INVALID": 0,
        "MALICIOUS": 0,
        "SANE": 0,
        "VALID": 0,
        "total": 16553
    },
    "percentage": {
        "ACTIVE": 99.24484987615539,
        "INACTIVE": 0.8488964346349746,
        "INVALID": 0,
        "MALICIOUS": 0,
        "SANE": 0,
        "VALID": 0,
        "total": 100.09374631079037
    }
}