{
    "counter": {
        "ACTIVE": 4823,
        "INACTIVE": 120,
        "INVALID": 0,
        "MALICIOUS": 0,
        "SANE": 0,
        "VALID": 0,
        "total": 4943
    },
    "percentage": {
        "ACTIVE": 97.57232449929192,
        "INACTIVE": 2.4922118380062304,
        "INVALID": 0,
        "MALICIOUS": 0,
        "SANE": 0,
        "VALID": 0,
        "total": 100.06453633729815
    }
}