{
    "counter": {
        "ACTIVE": 12887,
        "INACTIVE": 207,
        "INVALID": 0,
        "MALICIOUS": 0,
        "SANE": 0,
        "VALID": 0,
        "total": 13094
    },
    "percentage": {
        "ACTIVE": 98.419123262563,
        "INACTIVE": 1.5896175702657043,
        "INVALID": 0,
        "MALICIOUS": 0,
        "SANE": 0,
        "VALID": 0,
        "total": 100.0087408328287
    }
}