{
    "counter": {
        "ACTIVE": 710,
        "INACTIVE": 86,
        "INVALID": 0,
        "MALICIOUS": 0,
        "SANE": 0,
        "VALID": 0,
        "total": 796
    },
    "percentage": {
        "ACTIVE": 89.19597989949749,
        "INACTIVE": 21.88295165394402,
        "INVALID": 0,
        "MALICIOUS": 0,
        "SANE": 0,
        "VALID": 0,
        "total": 111.0789315534415
    }
}