{
    "counter": {
        "ACTIVE": 15577,
        "INACTIVE": 213,
        "INVALID": 0,
        "MALICIOUS": 0,
        "SANE": 0,
        "VALID": 0,
        "total": 15790
    },
    "percentage": {
        "ACTIVE": 98.65104496516783,
        "INACTIVE": 1.3563423331635251,
        "INVALID": 0,
        "MALICIOUS": 0,
        "SANE": 0,
        "VALID": 0,
        "total": 100.00738729833135
    }
}