{
    "counter": {
        "ACTIVE": 4364,
        "INACTIVE": 142,
        "INVALID": 0,
        "MALICIOUS": 0,
        "SANE": 0,
        "VALID": 0,
        "total": 4506
    },
    "percentage": {
        "ACTIVE": 96.84864624944518,
        "INACTIVE": 3.714360449908449,
        "INVALID": 0,
        "MALICIOUS": 0,
        "SANE": 0,
        "VALID": 0,
        "total": 100.56300669935364
    }
}