{
    "counter": {
        "ACTIVE": 14515,
        "INACTIVE": 197,
        "INVALID": 0,
        "MALICIOUS": 0,
        "SANE": 0,
        "VALID": 0,
        "total": 14712
    },
    "percentage": {
        "ACTIVE": 98.66095704187059,
        "INACTIVE": 1.3493150684931507,
        "INVALID": 0,
        "MALICIOUS": 0,
        "SANE": 0,
        "VALID": 0,
        "total": 100.01027211036374
    }
}