{
    "counter": {
        "ACTIVE": 4346,
        "INACTIVE": 114,
        "INVALID": 0,
        "MALICIOUS": 0,
        "SANE": 0,
        "VALID": 0,
        "total": 4460
    },
    "percentage": {
        "ACTIVE": 97.4439461883408,
        "INACTIVE": 2.8478641019235575,
        "INVALID": 0,
        "MALICIOUS": 0,
        "SANE": 0,
        "VALID": 0,
        "total": 100.29181029026437
    }
}