{
    "counter": {
        "ACTIVE": 12208,
        "INACTIVE": 199,
        "INVALID": 0,
        "MALICIOUS": 0,
        "SANE": 0,
        "VALID": 0,
        "total": 12407
    },
    "percentage": {
        "ACTIVE": 98.3960667365197,
        "INACTIVE": 1.611205570399158,
        "INVALID": 0,
        "MALICIOUS": 0,
        "SANE": 0,
        "VALID": 0,
        "total": 100.00727230691886
    }
}