{
    "counter": {
        "ACTIVE": 7165,
        "INACTIVE": 134,
        "INVALID": 0,
        "MALICIOUS": 0,
        "SANE": 0,
        "VALID": 0,
        "total": 7299
    },
    "percentage": {
        "ACTIVE": 98.1641320728867,
        "INACTIVE": 1.8704634282523729,
        "INVALID": 0,
        "MALICIOUS": 0,
        "SANE": 0,
        "VALID": 0,
        "total": 100.03459550113908
    }
}