{
    "counter": {
        "ACTIVE": 9506,
        "INACTIVE": 140,
        "INVALID": 0,
        "MALICIOUS": 0,
        "SANE": 0,
        "VALID": 0,
        "total": 9646
    },
    "percentage": {
        "ACTIVE": 98.54862119013062,
        "INACTIVE": 1.4971660784942786,
        "INVALID": 0,
        "MALICIOUS": 0,
        "SANE": 0,
        "VALID": 0,
        "total": 100.04578726862489
    }
}