{
    "counter": {
        "ACTIVE": 1182,
        "INACTIVE": 88,
        "INVALID": 0,
        "MALICIOUS": 0,
        "SANE": 0,
        "VALID": 0,
        "total": 1270
    },
    "percentage": {
        "ACTIVE": 93.07086614173228,
        "INACTIVE": 10.488676996424315,
        "INVALID": 0,
        "MALICIOUS": 0,
        "SANE": 0,
        "VALID": 0,
        "total": 103.5595431381566
    }
}