{
    "counter": {
        "ACTIVE": 16479,
        "INACTIVE": 202,
        "INVALID": 0,
        "MALICIOUS": 0,
        "SANE": 0,
        "VALID": 0,
        "total": 16681
    },
    "percentage": {
        "ACTIVE": 98.78904142437504,
        "INACTIVE": 1.2650300601202404,
        "INVALID": 0,
        "MALICIOUS": 0,
        "SANE": 0,
        "VALID": 0,
        "total": 100.05407148449528
    }
}