{
    "counter": {
        "ACTIVE": 15299,
        "INACTIVE": 185,
        "INVALID": 0,
        "MALICIOUS": 0,
        "SANE": 0,
        "VALID": 0,
        "total": 15484
    },
    "percentage": {
        "ACTIVE": 98.80521828984759,
        "INACTIVE": 1.280365423212679,
        "INVALID": 0,
        "MALICIOUS": 0,
        "SANE": 0,
        "VALID": 0,
        "total": 100.08558371306027
    }
}