{
    "counter": {
        "ACTIVE": 1301,
        "INACTIVE": 113,
        "INVALID": 0,
        "MALICIOUS": 0,
        "SANE": 0,
        "VALID": 0,
        "total": 1414
    },
    "percentage": {
        "ACTIVE": 92.00848656294201,
        "INACTIVE": 12.725225225225225,
        "INVALID": 0,
        "MALICIOUS": 0,
        "SANE": 0,
        "VALID": 0,
        "total": 104.73371178816724
    }
}