{
    "counter": {
        "ACTIVE": 3504,
        "INACTIVE": 134,
        "INVALID": 0,
        "MALICIOUS": 0,
        "SANE": 0,
        "VALID": 0,
        "total": 3638
    },
    "percentage": {
        "ACTIVE": 96.31665750412314,
        "INACTIVE": 3.7098560354374306,
        "INVALID": 0,
        "MALICIOUS": 0,
        "SANE": 0,
        "VALID": 0,
        "total": 100.02651353956057
    }
}