{
    "counter": {
        "ACTIVE": 5944,
        "INACTIVE": 112,
        "INVALID": 0,
        "MALICIOUS": 0,
        "SANE": 0,
        "VALID": 0,
        "total": 6056
    },
    "percentage": {
        "ACTIVE": 98.15059445178335,
        "INACTIVE": 2.1148036253776437,
        "INVALID": 0,
        "MALICIOUS": 0,
        "SANE": 0,
        "VALID": 0,
        "total": 100.265398077161
    }
}