{
    "counter": {
        "ACTIVE": 12928,
        "INACTIVE": 118,
        "INVALID": 0,
        "MALICIOUS": 0,
        "SANE": 0,
        "VALID": 0,
        "total": 13046
    },
    "percentage": {
        "ACTIVE": 99.09550820174766,
        "INACTIVE": 0.9159357292556082,
        "INVALID": 0,
        "MALICIOUS": 0,
        "SANE": 0,
        "VALID": 0,
        "total": 100.01144393100327
    }
}