{
    "counter": {
        "ACTIVE": 7702,
        "INACTIVE": 121,
        "INVALID": 0,
        "MALICIOUS": 0,
        "SANE": 0,
        "VALID": 0,
        "total": 7823
    },
    "percentage": {
        "ACTIVE": 98.4532787933018,
        "INACTIVE": 1.627000134462821,
        "INVALID": 0,
        "MALICIOUS": 0,
        "SANE": 0,
        "VALID": 0,
        "total": 100.08027892776462
    }
}