{
    "counter": {
        "ACTIVE": 14672,
        "INACTIVE": 211,
        "INVALID": 0,
        "MALICIOUS": 0,
        "SANE": 0,
        "VALID": 0,
        "total": 14883
    },
    "percentage": {
        "ACTIVE": 98.58227507894914,
        "INACTIVE": 1.4504708874682064,
        "INVALID": 0,
        "MALICIOUS": 0,
        "SANE": 0,
        "VALID": 0,
        "total": 100.03274596641734
    }
}