{
    "counter": {
        "ACTIVE": 14338,
        "INACTIVE": 199,
        "INVALID": 0,
        "MALICIOUS": 0,
        "SANE": 0,
        "VALID": 0,
        "total": 14537
    },
    "percentage": {
        "ACTIVE": 98.63107931485176,
        "INACTIVE": 1.387436380115736,
        "INVALID": 0,
        "MALICIOUS": 0,
        "SANE": 0,
        "VALID": 0,
        "total": 100.01851569496749
    }
}