{
    "counter": {
        "ACTIVE": 15437,
        "INACTIVE": 222,
        "INVALID": 0,
        "MALICIOUS": 0,
        "SANE": 0,
        "VALID": 0,
        "total": 15659
    },
    "percentage": {
        "ACTIVE": 98.58228494795326,
        "INACTIVE": 1.4439963574866659,
        "INVALID": 0,
        "MALICIOUS": 0,
        "SANE": 0,
        "VALID": 0,
        "total": 100.02628130543992
    }
}