{
    "counter": {
        "ACTIVE": 8848,
        "INACTIVE": 118,
        "INVALID": 0,
        "MALICIOUS": 0,
        "SANE": 0,
        "VALID": 0,
        "total": 8966
    },
    "percentage": {
        "ACTIVE": 98.68391701985277,
        "INACTIVE": 1.5014632904949738,
        "INVALID": 0,
        "MALICIOUS": 0,
        "SANE": 0,
        "VALID": 0,
        "total": 100.18538031034774
    }
}