{
    "counter": {
        "ACTIVE": 13669,
        "INACTIVE": 141,
        "INVALID": 0,
        "MALICIOUS": 0,
        "SANE": 0,
        "VALID": 0,
        "total": 13810
    },
    "percentage": {
        "ACTIVE": 98.97900072411296,
        "INACTIVE": 1.0642312627368102,
        "INVALID": 0,
        "MALICIOUS": 0,
        "SANE": 0,
        "VALID": 0,
        "total": 100.04323198684978
    }
}