{
    "counter": {
        "ACTIVE": 16207,
        "INACTIVE": 209,
        "INVALID": 0,
        "MALICIOUS": 0,
        "SANE": 0,
        "VALID": 0,
        "total": 16416
    },
    "percentage": {
        "ACTIVE": 98.72685185185185,
        "INACTIVE": 1.3370010235414533,
        "INVALID": 0,
        "MALICIOUS": 0,
        "SANE": 0,
        "VALID": 0,
        "total": 100.0638528753933
    }
}