{
    "counter": {
        "ACTIVE": 16366,
        "INACTIVE": 204,
        "INVALID": 0,
        "MALICIOUS": 0,
        "SANE": 0,
        "VALID": 0,
        "total": 16570
    },
    "percentage": {
        "ACTIVE": 98.76885938442969,
        "INACTIVE": 1.3096231623547538,
        "INVALID": 0,
        "MALICIOUS": 0,
        "SANE": 0,
        "VALID": 0,
        "total": 100.07848254678444
    }
}