{
    "counter": {
        "ACTIVE": 12984,
        "INACTIVE": 154,
        "INVALID": 0,
        "MALICIOUS": 0,
        "SANE": 0,
        "VALID": 0,
        "total": 13138
    },
    "percentage": {
        "ACTIVE": 98.82782767544528,
        "INACTIVE": 1.2126939129065282,
        "INVALID": 0,
        "MALICIOUS": 0,
        "SANE": 0,
        "VALID": 0,
        "total": 100.04052158835181
    }
}