{
    "counter": {
        "ACTIVE": 2927,
        "INACTIVE": 131,
        "INVALID": 0,
        "MALICIOUS": 0,
        "SANE": 0,
        "VALID": 0,
        "total": 3058
    },
    "percentage": {
        "ACTIVE": 95.71615434924787,
        "INACTIVE": 4.397448808324941,
        "INVALID": 0,
        "MALICIOUS": 0,
        "SANE": 0,
        "VALID": 0,
        "total": 100.11360315757281
    }
}