{
    "counter": {
        "ACTIVE": 12204,
        "INACTIVE": 169,
        "INVALID": 0,
        "MALICIOUS": 0,
        "SANE": 0,
        "VALID": 0,
        "total": 12373
    },
    "percentage": {
        "ACTIVE": 98.63412268649479,
        "INACTIVE": 1.373425436814303,
        "INVALID": 0,
        "MALICIOUS": 0,
        "SANE": 0,
        "VALID": 0,
        "total": 100.00754812330909
    }
}