{
    "counter": {
        "ACTIVE": 10264,
        "INACTIVE": 112,
        "INVALID": 0,
        "MALICIOUS": 0,
        "SANE": 0,
        "VALID": 0,
        "total": 10376
    },
    "percentage": {
        "ACTIVE": 98.92058596761758,
        "INACTIVE": 1.0798303123794832,
        "INVALID": 0,
        "MALICIOUS": 0,
        "SANE": 0,
        "VALID": 0,
        "total": 100.00041627999707
    }
}