{
    "counter": {
        "ACTIVE": 3956,
        "INACTIVE": 107,
        "INVALID": 0,
        "MALICIOUS": 0,
        "SANE": 0,
        "VALID": 0,
        "total": 4063
    },
    "percentage": {
        "ACTIVE": 97.36647797194192,
        "INACTIVE": 2.681704260651629,
        "INVALID": 0,
        "MALICIOUS": 0,
        "SANE": 0,
        "VALID": 0,
        "total": 100.04818223259355
    }
}