{
    "counter": {
        "ACTIVE": 16129,
        "INACTIVE": 183,
        "INVALID": 0,
        "MALICIOUS": 0,
        "SANE": 0,
        "VALID": 0,
        "total": 16312
    },
    "percentage": {
        "ACTIVE": 98.87812653261403,
        "INACTIVE": 1.1311657806898257,
        "INVALID": 0,
        "MALICIOUS": 0,
        "SANE": 0,
        "VALID": 0,
        "total": 100.00929231330386
    }
}