{
    "counter": {
        "ACTIVE": 1094,
        "INACTIVE": 113,
        "INVALID": 0,
        "MALICIOUS": 0,
        "SANE": 0,
        "VALID": 0,
        "total": 1207
    },
    "percentage": {
        "ACTIVE": 90.63794531897265,
        "INACTIVE": 9.608843537414966,
        "INVALID": 0,
        "MALICIOUS": 0,
        "SANE": 0,
        "VALID": 0,
        "total": 100.24678885638762
    }
}