{
    "counter": {
        "ACTIVE": 16469,
        "INACTIVE": 226,
        "INVALID": 0,
        "MALICIOUS": 0,
        "SANE": 0,
        "VALID": 0,
        "total": 16695
    },
    "percentage": {
        "ACTIVE": 98.64630128781072,
        "INACTIVE": 1.427488630621526,
        "INVALID": 0,
        "MALICIOUS": 0,
        "SANE": 0,
        "VALID": 0,
        "total": 100.07378991843224
    }
}