{
    "counter": {
        "ACTIVE": 186,
        "INACTIVE": 36,
        "INVALID": 0,
        "MALICIOUS": 0,
        "SANE": 0,
        "VALID": 0,
        "total": 222
    },
    "percentage": {
        "ACTIVE": 83.78378378378379,
        "INACTIVE": 32.72727272727273,
        "INVALID": 0,
        "MALICIOUS": 0,
        "SANE": 0,
        "VALID": 0,
        "total": 116.51105651105652
    }
}