{
    "counter": {
        "ACTIVE": 1032,
        "INACTIVE": 91,
        "INVALID": 0,
        "MALICIOUS": 0,
        "SANE": 0,
        "VALID": 0,
        "total": 1123
    },
    "percentage": {
        "ACTIVE": 91.8967052537845,
        "INACTIVE": 10.294117647058824,
        "INVALID": 0,
        "MALICIOUS": 0,
        "SANE": 0,
        "VALID": 0,
        "total": 102.19082290084333
    }
}