{
    "counter": {
        "ACTIVE": 12962,
        "INACTIVE": 186,
        "INVALID": 0,
        "MALICIOUS": 0,
        "SANE": 0,
        "VALID": 0,
        "total": 13148
    },
    "percentage": {
        "ACTIVE": 98.58533617280195,
        "INACTIVE": 1.4219096399357847,
        "INVALID": 0,
        "MALICIOUS": 0,
        "SANE": 0,
        "VALID": 0,
        "total": 100.00724581273774
    }
}