{
    "counter": {
        "ACTIVE": 16408,
        "INACTIVE": 219,
        "INVALID": 0,
        "MALICIOUS": 0,
        "SANE": 0,
        "VALID": 0,
        "total": 16627
    },
    "percentage": {
        "ACTIVE": 98.68286521922175,
        "INACTIVE": 1.328722242446305,
        "INVALID": 0,
        "MALICIOUS": 0,
        "SANE": 0,
        "VALID": 0,
        "total": 100.01158746166806
    }
}