{
    "counter": {
        "ACTIVE": 1016,
        "INACTIVE": 102,
        "INVALID": 0,
        "MALICIOUS": 0,
        "SANE": 0,
        "VALID": 0,
        "total": 1118
    },
    "percentage": {
        "ACTIVE": 90.87656529516994,
        "INACTIVE": 13.368283093053735,
        "INVALID": 0,
        "MALICIOUS": 0,
        "SANE": 0,
        "VALID": 0,
        "total": 104.24484838822367
    }
}