{
    "counter": {
        "ACTIVE": 15085,
        "INACTIVE": 219,
        "INVALID": 0,
        "MALICIOUS": 0,
        "SANE": 0,
        "VALID": 0,
        "total": 15304
    },
    "percentage": {
        "ACTIVE": 98.56900156821746,
        "INACTIVE": 1.4551495016611296,
        "INVALID": 0,
        "MALICIOUS": 0,
        "SANE": 0,
        "VALID": 0,
        "total": 100.02415106987858
    }
}