{
    "counter": {
        "ACTIVE": 16033,
        "INACTIVE": 127,
        "INVALID": 0,
        "MALICIOUS": 0,
        "SANE": 0,
        "VALID": 0,
        "total": 16160
    },
    "percentage": {
        "ACTIVE": 99.21410891089108,
        "INACTIVE": 0.8195663397005679,
        "INVALID": 0,
        "MALICIOUS": 0,
        "SANE": 0,
        "VALID": 0,
        "total": 100.03367525059166
    }
}