{
    "counter": {
        "ACTIVE": 12395,
        "INACTIVE": 178,
        "INVALID": 0,
        "MALICIOUS": 0,
        "SANE": 0,
        "VALID": 0,
        "total": 12573
    },
    "percentage": {
        "ACTIVE": 98.58426787560646,
        "INACTIVE": 1.4317889317889319,
        "INVALID": 0,
        "MALICIOUS": 0,
        "SANE": 0,
        "VALID": 0,
        "total": 100.01605680739539
    }
}