{
    "counter": {
        "ACTIVE": 12143,
        "INACTIVE": 188,
        "INVALID": 0,
        "MALICIOUS": 0,
        "SANE": 0,
        "VALID": 0,
        "total": 12331
    },
    "percentage": {
        "ACTIVE": 98.47538723542291,
        "INACTIVE": 1.548217079799061,
        "INVALID": 0,
        "MALICIOUS": 0,
        "SANE": 0,
        "VALID": 0,
        "total": 100.02360431522197
    }
}