{
    "counter": {
        "ACTIVE": 7263,
        "INACTIVE": 130,
        "INVALID": 0,
        "MALICIOUS": 0,
        "SANE": 0,
        "VALID": 0,
        "total": 7393
    },
    "percentage": {
        "ACTIVE": 98.2415798728527,
        "INACTIVE": 1.7776562286339395,
        "INVALID": 0,
        "MALICIOUS": 0,
        "SANE": 0,
        "VALID": 0,
        "total": 100.01923610148664
    }
}