{
    "counter": {
        "ACTIVE": 14463,
        "INACTIVE": 185,
        "INVALID": 0,
        "MALICIOUS": 0,
        "SANE": 0,
        "VALID": 0,
        "total": 14648
    },
    "percentage": {
        "ACTIVE": 98.73702894593119,
        "INACTIVE": 1.3246455678075326,
        "INVALID": 0,
        "MALICIOUS": 0,
        "SANE": 0,
        "VALID": 0,
        "total": 100.06167451373872
    }
}