{
    "counter": {
        "ACTIVE": 11768,
        "INACTIVE": 174,
        "INVALID": 0,
        "MALICIOUS": 0,
        "SANE": 0,
        "VALID": 0,
        "total": 11942
    },
    "percentage": {
        "ACTIVE": 98.54295762853793,
        "INACTIVE": 1.4931777224748992,
        "INVALID": 0,
        "MALICIOUS": 0,
        "SANE": 0,
        "VALID": 0,
        "total": 100.03613535101283
    }
}