{
    "counter": {
        "ACTIVE": 7325,
        "INACTIVE": 115,
        "INVALID": 0,
        "MALICIOUS": 0,
        "SANE": 0,
        "VALID": 0,
        "total": 7440
    },
    "percentage": {
        "ACTIVE": 98.45430107526882,
        "INACTIVE": 1.6117729502452698,
        "INVALID": 0,
        "MALICIOUS": 0,
        "SANE": 0,
        "VALID": 0,
        "total": 100.06607402551408
    }
}