{
    "counter": {
        "ACTIVE": 11791,
        "INACTIVE": 196,
        "INVALID": 0,
        "MALICIOUS": 0,
        "SANE": 0,
        "VALID": 0,
        "total": 11987
    },
    "percentage": {
        "ACTIVE": 98.36489530324518,
        "INACTIVE": 1.6786570743405276,
        "INVALID": 0,
        "MALICIOUS": 0,
        "SANE": 0,
        "VALID": 0,
        "total": 100.0435523775857
    }
}