{
    "counter": {
        "ACTIVE": 4735,
        "INACTIVE": 134,
        "INVALID": 0,
        "MALICIOUS": 0,
        "SANE": 0,
        "VALID": 0,
        "total": 4869
    },
    "percentage": {
        "ACTIVE": 97.24789484493736,
        "INACTIVE": 2.7532360797205673,
        "INVALID": 0,
        "MALICIOUS": 0,
        "SANE": 0,
        "VALID": 0,
        "total": 100.00113092465793
    }
}