{
    "counter": {
        "ACTIVE": 11969,
        "INACTIVE": 210,
        "INVALID": 0,
        "MALICIOUS": 0,
        "SANE": 0,
        "VALID": 0,
        "total": 12179
    },
    "percentage": {
        "ACTIVE": 98.27572050250431,
        "INACTIVE": 1.7440411925919774,
        "INVALID": 0,
        "MALICIOUS": 0,
        "SANE": 0,
        "VALID": 0,
        "total": 100.01976169509629
    }
}