{
    "counter": {
        "ACTIVE": 7848,
        "INACTIVE": 116,
        "INVALID": 0,
        "MALICIOUS": 0,
        "SANE": 0,
        "VALID": 0,
        "total": 7964
    },
    "percentage": {
        "ACTIVE": 98.54344550477147,
        "INACTIVE": 1.5403000929491435,
        "INVALID": 0,
        "MALICIOUS": 0,
        "SANE": 0,
        "VALID": 0,
        "total": 100.08374559772061
    }
}