{
    "counter": {
        "ACTIVE": 2281,
        "INACTIVE": 104,
        "INVALID": 0,
        "MALICIOUS": 0,
        "SANE": 0,
        "VALID": 0,
        "total": 2385
    },
    "percentage": {
        "ACTIVE": 95.63941299790356,
        "INACTIVE": 4.3660789252728796,
        "INVALID": 0,
        "MALICIOUS": 0,
        "SANE": 0,
        "VALID": 0,
        "total": 100.00549192317644
    }
}