{
    "counter": {
        "ACTIVE": 8443,
        "INACTIVE": 114,
        "INVALID": 0,
        "MALICIOUS": 0,
        "SANE": 0,
        "VALID": 0,
        "total": 8557
    },
    "percentage": {
        "ACTIVE": 98.66775739160921,
        "INACTIVE": 1.4094955489614243,
        "INVALID": 0,
        "MALICIOUS": 0,
        "SANE": 0,
        "VALID": 0,
        "total": 100.07725294057065
    }
}