{
    "counter": {
        "ACTIVE": 6398,
        "INACTIVE": 107,
        "INVALID": 0,
        "MALICIOUS": 0,
        "SANE": 0,
        "VALID": 0,
        "total": 6505
    },
    "percentage": {
        "ACTIVE": 98.35511145272866,
        "INACTIVE": 2.0565058620026906,
        "INVALID": 0,
        "MALICIOUS": 0,
        "SANE": 0,
        "VALID": 0,
        "total": 100.41161731473136
    }
}