{
    "counter": {
        "ACTIVE": 8036,
        "INACTIVE": 118,
        "INVALID": 0,
        "MALICIOUS": 0,
        "SANE": 0,
        "VALID": 0,
        "total": 8154
    },
    "percentage": {
        "ACTIVE": 98.55285749325485,
        "INACTIVE": 1.5014632904949738,
        "INVALID": 0,
        "MALICIOUS": 0,
        "SANE": 0,
        "VALID": 0,
        "total": 100.05432078374982
    }
}