{
    "counter": {
        "ACTIVE": 4113,
        "INACTIVE": 134,
        "INVALID": 0,
        "MALICIOUS": 0,
        "SANE": 0,
        "VALID": 0,
        "total": 4247
    },
    "percentage": {
        "ACTIVE": 96.84483164586767,
        "INACTIVE": 3.439425051334702,
        "INVALID": 0,
        "MALICIOUS": 0,
        "SANE": 0,
        "VALID": 0,
        "total": 100.28425669720238
    }
}