{
    "counter": {
        "ACTIVE": 5531,
        "INACTIVE": 135,
        "INVALID": 0,
        "MALICIOUS": 0,
        "SANE": 0,
        "VALID": 0,
        "total": 5666
    },
    "percentage": {
        "ACTIVE": 97.6173667490293,
        "INACTIVE": 2.704868763774795,
        "INVALID": 0,
        "MALICIOUS": 0,
        "SANE": 0,
        "VALID": 0,
        "total": 100.3222355128041
    }
}