{
    "counter": {
        "ACTIVE": 15643,
        "INACTIVE": 199,
        "INVALID": 0,
        "MALICIOUS": 0,
        "SANE": 0,
        "VALID": 0,
        "total": 15842
    },
    "percentage": {
        "ACTIVE": 98.7438454740563,
        "INACTIVE": 1.3088660878716127,
        "INVALID": 0,
        "MALICIOUS": 0,
        "SANE": 0,
        "VALID": 0,
        "total": 100.05271156192791
    }
}