{
    "counter": {
        "ACTIVE": 12052,
        "INACTIVE": 171,
        "INVALID": 0,
        "MALICIOUS": 0,
        "SANE": 0,
        "VALID": 0,
        "total": 12223
    },
    "percentage": {
        "ACTIVE": 98.60099811830156,
        "INACTIVE": 1.4313216707123126,
        "INVALID": 0,
        "MALICIOUS": 0,
        "SANE": 0,
        "VALID": 0,
        "total": 100.03231978901387
    }
}