{
    "counter": {
        "ACTIVE": 2764,
        "INACTIVE": 131,
        "INVALID": 0,
        "MALICIOUS": 0,
        "SANE": 0,
        "VALID": 0,
        "total": 2895
    },
    "percentage": {
        "ACTIVE": 95.47495682210707,
        "INACTIVE": 4.753265602322206,
        "INVALID": 0,
        "MALICIOUS": 0,
        "SANE": 0,
        "VALID": 0,
        "total": 100.22822242442928
    }
}