{
    "counter": {
        "ACTIVE": 15306,
        "INACTIVE": 309,
        "INVALID": 0,
        "MALICIOUS": 0,
        "SANE": 0,
        "VALID": 0,
        "total": 15615
    },
    "percentage": {
        "ACTIVE": 98.02113352545629,
        "INACTIVE": 1.992648481331012,
        "INVALID": 0,
        "MALICIOUS": 0,
        "SANE": 0,
        "VALID": 0,
        "total": 100.01378200678731
    }
}