{
    "counter": {
        "ACTIVE": 12392,
        "INACTIVE": 193,
        "INVALID": 0,
        "MALICIOUS": 0,
        "SANE": 0,
        "VALID": 0,
        "total": 12585
    },
    "percentage": {
        "ACTIVE": 98.46642828764402,
        "INACTIVE": 1.601128256180521,
        "INVALID": 0,
        "MALICIOUS": 0,
        "SANE": 0,
        "VALID": 0,
        "total": 100.06755654382454
    }
}