{
    "counter": {
        "ACTIVE": 13814,
        "INACTIVE": 155,
        "INVALID": 0,
        "MALICIOUS": 0,
        "SANE": 0,
        "VALID": 0,
        "total": 13969
    },
    "percentage": {
        "ACTIVE": 98.890400171809,
        "INACTIVE": 1.1513890952310206,
        "INVALID": 0,
        "MALICIOUS": 0,
        "SANE": 0,
        "VALID": 0,
        "total": 100.04178926704003
    }
}