{
    "counter": {
        "ACTIVE": 3113,
        "INACTIVE": 77,
        "INVALID": 0,
        "MALICIOUS": 0,
        "SANE": 0,
        "VALID": 0,
        "total": 3190
    },
    "percentage": {
        "ACTIVE": 97.58620689655173,
        "INACTIVE": 2.4305555555555554,
        "INVALID": 0,
        "MALICIOUS": 0,
        "SANE": 0,
        "VALID": 0,
        "total": 100.01676245210729
    }
}