{
    "counter": {
        "ACTIVE": 1997,
        "INACTIVE": 96,
        "INVALID": 0,
        "MALICIOUS": 0,
        "SANE": 0,
        "VALID": 0,
        "total": 2093
    },
    "percentage": {
        "ACTIVE": 95.41328236980411,
        "INACTIVE": 5.933250927070457,
        "INVALID": 0,
        "MALICIOUS": 0,
        "SANE": 0,
        "VALID": 0,
        "total": 101.34653329687457
    }
}