{
    "counter": {
        "ACTIVE": 1997,
        "INACTIVE": 104,
        "INVALID": 0,
        "MALICIOUS": 0,
        "SANE": 0,
        "VALID": 0,
        "total": 2101
    },
    "percentage": {
        "ACTIVE": 95.04997620180866,
        "INACTIVE": 7.969348659003831,
        "INVALID": 0,
        "MALICIOUS": 0,
        "SANE": 0,
        "VALID": 0,
        "total": 103.01932486081249
    }
}