{
    "counter": {
        "ACTIVE": 5718,
        "INACTIVE": 123,
        "INVALID": 0,
        "MALICIOUS": 0,
        "SANE": 0,
        "VALID": 0,
        "total": 5841
    },
    "percentage": {
        "ACTIVE": 97.89419619928094,
        "INACTIVE": 2.340627973358706,
        "INVALID": 0,
        "MALICIOUS": 0,
        "SANE": 0,
        "VALID": 0,
        "total": 100.23482417263965
    }
}