{
    "counter": {
        "ACTIVE": 3813,
        "INACTIVE": 106,
        "INVALID": 0,
        "MALICIOUS": 0,
        "SANE": 0,
        "VALID": 0,
        "total": 3919
    },
    "percentage": {
        "ACTIVE": 97.29522837458535,
        "INACTIVE": 2.8765264586160106,
        "INVALID": 0,
        "MALICIOUS": 0,
        "SANE": 0,
        "VALID": 0,
        "total": 100.17175483320136
    }
}