{
    "counter": {
        "ACTIVE": 2568,
        "INACTIVE": 127,
        "INVALID": 0,
        "MALICIOUS": 0,
        "SANE": 0,
        "VALID": 0,
        "total": 2695
    },
    "percentage": {
        "ACTIVE": 95.28756957328386,
        "INACTIVE": 4.8528849828047385,
        "INVALID": 0,
        "MALICIOUS": 0,
        "SANE": 0,
        "VALID": 0,
        "total": 100.1404545560886
    }
}