{
    "counter": {
        "ACTIVE": 12416,
        "INACTIVE": 134,
        "INVALID": 0,
        "MALICIOUS": 0,
        "SANE": 0,
        "VALID": 0,
        "total": 12550
    },
    "percentage": {
        "ACTIVE": 98.93227091633466,
        "INACTIVE": 1.092896174863388,
        "INVALID": 0,
        "MALICIOUS": 0,
        "SANE": 0,
        "VALID": 0,
        "total": 100.02516709119804
    }
}