{
    "counter": {
        "ACTIVE": 11474,
        "INACTIVE": 182,
        "INVALID": 0,
        "MALICIOUS": 0,
        "SANE": 0,
        "VALID": 0,
        "total": 11656
    },
    "percentage": {
        "ACTIVE": 98.43857240905972,
        "INACTIVE": 1.5649183147033534,
        "INVALID": 0,
        "MALICIOUS": 0,
        "SANE": 0,
        "VALID": 0,
        "total": 100.00349072376306
    }
}