{
    "counter": {
        "ACTIVE": 14849,
        "INACTIVE": 157,
        "INVALID": 0,
        "MALICIOUS": 0,
        "SANE": 0,
        "VALID": 0,
        "total": 15006
    },
    "percentage": {
        "ACTIVE": 98.95375183260029,
        "INACTIVE": 1.0943817091872299,
        "INVALID": 0,
        "MALICIOUS": 0,
        "SANE": 0,
        "VALID": 0,
        "total": 100.04813354178752
    }
}