{
    "counter": {
        "ACTIVE": 8137,
        "INACTIVE": 125,
        "INVALID": 0,
        "MALICIOUS": 0,
        "SANE": 0,
        "VALID": 0,
        "total": 8262
    },
    "percentage": {
        "ACTIVE": 98.48704914064392,
        "INACTIVE": 1.6040035929680483,
        "INVALID": 0,
        "MALICIOUS": 0,
        "SANE": 0,
        "VALID": 0,
        "total": 100.09105273361196
    }
}