{
    "counter": {
        "ACTIVE": 2773,
        "INACTIVE": 94,
        "INVALID": 0,
        "MALICIOUS": 0,
        "SANE": 0,
        "VALID": 0,
        "total": 2867
    },
    "percentage": {
        "ACTIVE": 96.72131147540983,
        "INACTIVE": 3.444485159399047,
        "INVALID": 0,
        "MALICIOUS": 0,
        "SANE": 0,
        "VALID": 0,
        "total": 100.16579663480888
    }
}