{
    "counter": {
        "ACTIVE": 954,
        "INACTIVE": 100,
        "INVALID": 0,
        "MALICIOUS": 0,
        "SANE": 0,
        "VALID": 0,
        "total": 1054
    },
    "percentage": {
        "ACTIVE": 90.5982905982906,
        "INACTIVE": 9.487666034155598,
        "INVALID": 0,
        "MALICIOUS": 0,
        "SANE": 0,
        "VALID": 0,
        "total": 100.0859566324462
    }
}