{
    "counter": {
        "ACTIVE": 9355,
        "INACTIVE": 148,
        "INVALID": 0,
        "MALICIOUS": 0,
        "SANE": 0,
        "VALID": 0,
        "total": 9503
    },
    "percentage": {
        "ACTIVE": 98.44259707460802,
        "INACTIVE": 1.5859408486926705,
        "INVALID": 0,
        "MALICIOUS": 0,
        "SANE": 0,
        "VALID": 0,
        "total": 100.02853792330069
    }
}