{
    "counter": {
        "ACTIVE": 12577,
        "INACTIVE": 181,
        "INVALID": 0,
        "MALICIOUS": 0,
        "SANE": 0,
        "VALID": 0,
        "total": 12758
    },
    "percentage": {
        "ACTIVE": 98.58128233265403,
        "INACTIVE": 1.4382201032975765,
        "INVALID": 0,
        "MALICIOUS": 0,
        "SANE": 0,
        "VALID": 0,
        "total": 100.01950243595161
    }
}