{
    "counter": {
        "ACTIVE": 7030,
        "INACTIVE": 121,
        "INVALID": 0,
        "MALICIOUS": 0,
        "SANE": 0,
        "VALID": 0,
        "total": 7151
    },
    "percentage": {
        "ACTIVE": 98.30792896098448,
        "INACTIVE": 2.30960106890628,
        "INVALID": 0,
        "MALICIOUS": 0,
        "SANE": 0,
        "VALID": 0,
        "total": 100.61753002989076
    }
}