{
    "counter": {
        "ACTIVE": 16531,
        "INACTIVE": 195,
        "INVALID": 0,
        "MALICIOUS": 0,
        "SANE": 0,
        "VALID": 0,
        "total": 16726
    },
    "percentage": {
        "ACTIVE": 98.83415042448883,
        "INACTIVE": 1.2066831683168318,
        "INVALID": 0,
        "MALICIOUS": 0,
        "SANE": 0,
        "VALID": 0,
        "total": 100.04083359280565
    }
}