{
    "counter": {
        "ACTIVE": 4544,
        "INACTIVE": 121,
        "INVALID": 0,
        "MALICIOUS": 0,
        "SANE": 0,
        "VALID": 0,
        "total": 4665
    },
    "percentage": {
        "ACTIVE": 97.40621650589496,
        "INACTIVE": 2.5987972508591066,
        "INVALID": 0,
        "MALICIOUS": 0,
        "SANE": 0,
        "VALID": 0,
        "total": 100.00501375675407
    }
}