{
    "counter": {
        "ACTIVE": 8388,
        "INACTIVE": 140,
        "INVALID": 0,
        "MALICIOUS": 0,
        "SANE": 0,
        "VALID": 0,
        "total": 8528
    },
    "percentage": {
        "ACTIVE": 98.35834896810506,
        "INACTIVE": 1.6895969104513637,
        "INVALID": 0,
        "MALICIOUS": 0,
        "SANE": 0,
        "VALID": 0,
        "total": 100.04794587855642
    }
}