{
    "counter": {
        "ACTIVE": 5470,
        "INACTIVE": 138,
        "INVALID": 0,
        "MALICIOUS": 0,
        "SANE": 0,
        "VALID": 0,
        "total": 5608
    },
    "percentage": {
        "ACTIVE": 97.53922967189729,
        "INACTIVE": 2.534435261707989,
        "INVALID": 0,
        "MALICIOUS": 0,
        "SANE": 0,
        "VALID": 0,
        "total": 100.07366493360527
    }
}