{
    "counter": {
        "ACTIVE": 8193,
        "INACTIVE": 124,
        "INVALID": 0,
        "MALICIOUS": 0,
        "SANE": 0,
        "VALID": 0,
        "total": 8317
    },
    "percentage": {
        "ACTIVE": 98.50907779247325,
        "INACTIVE": 1.5718088477627075,
        "INVALID": 0,
        "MALICIOUS": 0,
        "SANE": 0,
        "VALID": 0,
        "total": 100.08088664023596
    }
}