{
    "counter": {
        "ACTIVE": 396,
        "INACTIVE": 119,
        "INVALID": 0,
        "MALICIOUS": 0,
        "SANE": 0,
        "VALID": 0,
        "total": 515
    },
    "percentage": {
        "ACTIVE": 77.04280155642023,
        "INACTIVE": 23.106796116504853,
        "INVALID": 0,
        "MALICIOUS": 0,
        "SANE": 0,
        "VALID": 0,
        "total": 100.14959767292508
    }
}