{
    "counter": {
        "ACTIVE": 2760,
        "INACTIVE": 112,
        "INVALID": 0,
        "MALICIOUS": 0,
        "SANE": 0,
        "VALID": 0,
        "total": 2872
    },
    "percentage": {
        "ACTIVE": 96.10027855153203,
        "INACTIVE": 4.055032585083273,
        "INVALID": 0,
        "MALICIOUS": 0,
        "SANE": 0,
        "VALID": 0,
        "total": 100.1553111366153
    }
}