{
    "counter": {
        "ACTIVE": 10347,
        "INACTIVE": 149,
        "INVALID": 0,
        "MALICIOUS": 0,
        "SANE": 0,
        "VALID": 0,
        "total": 10496
    },
    "percentage": {
        "ACTIVE": 98.58041158536585,
        "INACTIVE": 1.4201296225695768,
        "INVALID": 0,
        "MALICIOUS": 0,
        "SANE": 0,
        "VALID": 0,
        "total": 100.00054120793543
    }
}