{
    "counter": {
        "ACTIVE": 723,
        "INACTIVE": 99,
        "INVALID": 0,
        "MALICIOUS": 0,
        "SANE": 0,
        "VALID": 0,
        "total": 822
    },
    "percentage": {
        "ACTIVE": 87.95620437956204,
        "INACTIVE": 22.2972972972973,
        "INVALID": 0,
        "MALICIOUS": 0,
        "SANE": 0,
        "VALID": 0,
        "total": 110.25350167685934
    }
}