{
    "counter": {
        "ACTIVE": 6471,
        "INACTIVE": 137,
        "INVALID": 0,
        "MALICIOUS": 0,
        "SANE": 0,
        "VALID": 0,
        "total": 6608
    },
    "percentage": {
        "ACTIVE": 97.92675544794189,
        "INACTIVE": 2.533284023668639,
        "INVALID": 0,
        "MALICIOUS": 0,
        "SANE": 0,
        "VALID": 0,
        "total": 100.46003947161053
    }
}