{
    "counter": {
        "ACTIVE": 2033,
        "INACTIVE": 101,
        "INVALID": 0,
        "MALICIOUS": 0,
        "SANE": 0,
        "VALID": 0,
        "total": 2134
    },
    "percentage": {
        "ACTIVE": 95.26710402999063,
        "INACTIVE": 8.714408973252803,
        "INVALID": 0,
        "MALICIOUS": 0,
        "SANE": 0,
        "VALID": 0,
        "total": 103.98151300324344
    }
}