{
    "counter": {
        "ACTIVE": 2512,
        "INACTIVE": 123,
        "INVALID": 0,
        "MALICIOUS": 0,
        "SANE": 0,
        "VALID": 0,
        "total": 2635
    },
    "percentage": {
        "ACTIVE": 95.33206831119544,
        "INACTIVE": 4.879016263387545,
        "INVALID": 0,
        "MALICIOUS": 0,
        "SANE": 0,
        "VALID": 0,
        "total": 100.21108457458298
    }
}