{
    "counter": {
        "ACTIVE": 3917,
        "INACTIVE": 107,
        "INVALID": 0,
        "MALICIOUS": 0,
        "SANE": 0,
        "VALID": 0,
        "total": 4024
    },
    "percentage": {
        "ACTIVE": 97.34095427435388,
        "INACTIVE": 2.681704260651629,
        "INVALID": 0,
        "MALICIOUS": 0,
        "SANE": 0,
        "VALID": 0,
        "total": 100.0226585350055
    }
}