{
    "counter": {
        "ACTIVE": 1722,
        "INACTIVE": 111,
        "INVALID": 0,
        "MALICIOUS": 0,
        "SANE": 0,
        "VALID": 0,
        "total": 1833
    },
    "percentage": {
        "ACTIVE": 93.9443535188216,
        "INACTIVE": 9.560723514211887,
        "INVALID": 0,
        "MALICIOUS": 0,
        "SANE": 0,
        "VALID": 0,
        "total": 103.50507703303349
    }
}