{
    "counter": {
        "ACTIVE": 4955,
        "INACTIVE": 118,
        "INVALID": 0,
        "MALICIOUS": 0,
        "SANE": 0,
        "VALID": 0,
        "total": 5073
    },
    "percentage": {
        "ACTIVE": 97.67396018135226,
        "INACTIVE": 2.363782051282051,
        "INVALID": 0,
        "MALICIOUS": 0,
        "SANE": 0,
        "VALID": 0,
        "total": 100.03774223263432
    }
}