{
    "counter": {
        "ACTIVE": 16376,
        "INACTIVE": 226,
        "INVALID": 0,
        "MALICIOUS": 0,
        "SANE": 0,
        "VALID": 0,
        "total": 16602
    },
    "percentage": {
        "ACTIVE": 98.63871822671967,
        "INACTIVE": 1.427488630621526,
        "INVALID": 0,
        "MALICIOUS": 0,
        "SANE": 0,
        "VALID": 0,
        "total": 100.0662068573412
    }
}