{
    "counter": {
        "ACTIVE": 8354,
        "INACTIVE": 152,
        "INVALID": 0,
        "MALICIOUS": 0,
        "SANE": 0,
        "VALID": 0,
        "total": 8506
    },
    "percentage": {
        "ACTIVE": 98.21302609922408,
        "INACTIVE": 1.835305481767689,
        "INVALID": 0,
        "MALICIOUS": 0,
        "SANE": 0,
        "VALID": 0,
        "total": 100.04833158099177
    }
}