{
    "counter": {
        "ACTIVE": 6955,
        "INACTIVE": 123,
        "INVALID": 0,
        "MALICIOUS": 0,
        "SANE": 0,
        "VALID": 0,
        "total": 7078
    },
    "percentage": {
        "ACTIVE": 98.26222096637468,
        "INACTIVE": 2.340627973358706,
        "INVALID": 0,
        "MALICIOUS": 0,
        "SANE": 0,
        "VALID": 0,
        "total": 100.60284893973339
    }
}