{
    "counter": {
        "ACTIVE": 703,
        "INACTIVE": 107,
        "INVALID": 0,
        "MALICIOUS": 0,
        "SANE": 0,
        "VALID": 0,
        "total": 810
    },
    "percentage": {
        "ACTIVE": 86.79012345679013,
        "INACTIVE": 20.6963249516441,
        "INVALID": 0,
        "MALICIOUS": 0,
        "SANE": 0,
        "VALID": 0,
        "total": 107.48644840843423
    }
}