{
    "counter": {
        "ACTIVE": 16356,
        "INACTIVE": 210,
        "INVALID": 0,
        "MALICIOUS": 0,
        "SANE": 0,
        "VALID": 0,
        "total": 16566
    },
    "percentage": {
        "ACTIVE": 98.7323433538573,
        "INACTIVE": 1.386138613861386,
        "INVALID": 0,
        "MALICIOUS": 0,
        "SANE": 0,
        "VALID": 0,
        "total": 100.1184819677187
    }
}