{
    "counter": {
        "ACTIVE": 8628,
        "INACTIVE": 131,
        "INVALID": 0,
        "MALICIOUS": 0,
        "SANE": 0,
        "VALID": 0,
        "total": 8759
    },
    "percentage": {
        "ACTIVE": 98.50439547893595,
        "INACTIVE": 1.662014717076884,
        "INVALID": 0,
        "MALICIOUS": 0,
        "SANE": 0,
        "VALID": 0,
        "total": 100.16641019601283
    }
}