{
    "counter": {
        "ACTIVE": 15067,
        "INACTIVE": 158,
        "INVALID": 0,
        "MALICIOUS": 0,
        "SANE": 0,
        "VALID": 0,
        "total": 15225
    },
    "percentage": {
        "ACTIVE": 98.96223316912972,
        "INACTIVE": 1.0467042066909573,
        "INVALID": 0,
        "MALICIOUS": 0,
        "SANE": 0,
        "VALID": 0,
        "total": 100.00893737582068
    }
}