{
    "counter": {
        "ACTIVE": 10378,
        "INACTIVE": 102,
        "INVALID": 0,
        "MALICIOUS": 0,
        "SANE": 0,
        "VALID": 0,
        "total": 10480
    },
    "percentage": {
        "ACTIVE": 99.02671755725191,
        "INACTIVE": 1.035953686776356,
        "INVALID": 0,
        "MALICIOUS": 0,
        "SANE": 0,
        "VALID": 0,
        "total": 100.06267124402827
    }
}