{
    "counter": {
        "ACTIVE": 16425,
        "INACTIVE": 210,
        "INVALID": 0,
        "MALICIOUS": 0,
        "SANE": 0,
        "VALID": 0,
        "total": 16635
    },
    "percentage": {
        "ACTIVE": 98.73760144274121,
        "INACTIVE": 1.3019218846869187,
        "INVALID": 0,
        "MALICIOUS": 0,
        "SANE": 0,
        "VALID": 0,
        "total": 100.03952332742813
    }
}