{
    "counter": {
        "ACTIVE": 5204,
        "INACTIVE": 120,
        "INVALID": 0,
        "MALICIOUS": 0,
        "SANE": 0,
        "VALID": 0,
        "total": 5324
    },
    "percentage": {
        "ACTIVE": 97.74605559729527,
        "INACTIVE": 2.2874571101791843,
        "INVALID": 0,
        "MALICIOUS": 0,
        "SANE": 0,
        "VALID": 0,
        "total": 100.03351270747446
    }
}