{
    "counter": {
        "ACTIVE": 7256,
        "INACTIVE": 147,
        "INVALID": 0,
        "MALICIOUS": 0,
        "SANE": 0,
        "VALID": 0,
        "total": 7403
    },
    "percentage": {
        "ACTIVE": 98.01431851951911,
        "INACTIVE": 2.061132922041503,
        "INVALID": 0,
        "MALICIOUS": 0,
        "SANE": 0,
        "VALID": 0,
        "total": 100.07545144156062
    }
}