{
    "counter": {
        "ACTIVE": 12198,
        "INACTIVE": 139,
        "INVALID": 0,
        "MALICIOUS": 0,
        "SANE": 0,
        "VALID": 0,
        "total": 12337
    },
    "percentage": {
        "ACTIVE": 98.87330793547864,
        "INACTIVE": 1.131645363510543,
        "INVALID": 0,
        "MALICIOUS": 0,
        "SANE": 0,
        "VALID": 0,
        "total": 100.00495329898918
    }
}