{
    "counter": {
        "ACTIVE": 7091,
        "INACTIVE": 127,
        "INVALID": 0,
        "MALICIOUS": 0,
        "SANE": 0,
        "VALID": 0,
        "total": 7218
    },
    "percentage": {
        "ACTIVE": 98.2405098365198,
        "INACTIVE": 1.7996315714893014,
        "INVALID": 0,
        "MALICIOUS": 0,
        "SANE": 0,
        "VALID": 0,
        "total": 100.0401414080091
    }
}