{
    "counter": {
        "ACTIVE": 5000,
        "INACTIVE": 106,
        "INVALID": 0,
        "MALICIOUS": 0,
        "SANE": 0,
        "VALID": 0,
        "total": 5106
    },
    "percentage": {
        "ACTIVE": 97.92401096748922,
        "INACTIVE": 2.1623827009383927,
        "INVALID": 0,
        "MALICIOUS": 0,
        "SANE": 0,
        "VALID": 0,
        "total": 100.08639366842762
    }
}