{
    "counter": {
        "ACTIVE": 10722,
        "INACTIVE": 143,
        "INVALID": 0,
        "MALICIOUS": 0,
        "SANE": 0,
        "VALID": 0,
        "total": 10865
    },
    "percentage": {
        "ACTIVE": 98.68384721583065,
        "INACTIVE": 1.3639832125143074,
        "INVALID": 0,
        "MALICIOUS": 0,
        "SANE": 0,
        "VALID": 0,
        "total": 100.04783042834497
    }
}