{
    "counter": {
        "ACTIVE": 3085,
        "INACTIVE": 94,
        "INVALID": 0,
        "MALICIOUS": 0,
        "SANE": 0,
        "VALID": 0,
        "total": 3179
    },
    "percentage": {
        "ACTIVE": 97.04309531299151,
        "INACTIVE": 3.2302405498281788,
        "INVALID": 0,
        "MALICIOUS": 0,
        "SANE": 0,
        "VALID": 0,
        "total": 100.27333586281969
    }
}